﻿<?xml version="1.0" encoding="UTF-8" standalone="yes"?>
<addon id="plugin.video.youkutv" name="YouKu TV" version="1.7.11" provider-name="catro;tclh123">
  <requires>
    <import addon="script.common.plugin.cache" version="0.9.1"/>
  </requires>
  <extension point="xbmc.python.script" library="addon.py">
    <provides>video</provides>
  </extension>
  <extension point="xbmc.addon.metadata">
    <platform>all</platform>
    <language></language>
    <summary>优酷TV</summary>
    <description>优酷视频是中国最大的视频分享网站</description>
  </extension>
</addon>
