﻿<?xml version="1.0" encoding="UTF-8" standalone="yes"?>
<addon id="plugin.audio.kuwobox"
    name="酷我音乐盒(KuwoBox)"
    version="1.1.4"
    provider-name="Robinttt, D744000, Osfans">
    <requires>
        <import addon="xbmc.python" version="2.1.0"/>
        <import addon="script.module.beautifulsoup4" version="4.3.2"/>
        <import addon="script.module.keyboard.chinese" version="1.0.0"/>
    </requires>
    <extension point="xbmc.python.pluginsource"
        library="default.py">
        <provides>audio</provides>
    </extension>
    <extension point="xbmc.addon.metadata">
        <summary>KuwoBox audio plugin</summary>
        <summary lang="zh">酷我音乐盒音乐插件</summary>
        <description>KuwoBox audio plugin</description>
        <description lang="zh">酷我音乐盒在线音乐</description>
        <platform>all</platform>
    </extension>
</addon>
