﻿<?xml version="1.0" encoding="UTF-8" standalone="yes"?>
<addon id="service.subtitles.163sub"
       name="163sub"
       version="1.0.6"
       provider-name="taxigps">
  <requires>
    <import addon="xbmc.python" version="2.1.0"/>
    <import addon="script.module.simplejson" version="3.3.0"/>
    <import addon="script.module.beautifulsoup4" version="4.3.2"/>
  </requires>
  <extension point="xbmc.subtitle.module"
             library="service.py" />
  <extension point="xbmc.addon.metadata">
    <summary lang="en">163sub subtitle</summary>
    <summary lang="zh">163字幕网</summary>
    <description lang="en">Search and download subtitles from www.163sub.com</description>
    <description lang="zh">从 www.163sub.com 下载字幕</description>
  </extension>
</addon>
