﻿<?xml version="1.0" encoding="UTF-8" standalone="yes"?>
<addon id="repository.xbmc-addons-chinese"
        name="Chinese Add-ons"
        version="2.0.1"
        provider-name="Taxigps">
    <extension point="xbmc.addon.repository"
            name="Chinese Add-ons">
        <dir minversion="19.0.0">
            <info compressed="true">https://github.com/taxigps/xbmc-addons-chinese/raw/matrix/addons.xml</info>
            <checksum>https://github.com/taxigps/xbmc-addons-chinese/raw/matrix/addons.xml.md5</checksum>
            <datadir zip="true">https://github.com/taxigps/xbmc-addons-chinese/raw/matrix/repo</datadir>
        </dir>
    </extension>
    <extension point="xbmc.addon.metadata">
        <summary>Chinese Add-ons Repository</summary>
        <summary lang="zh">面向中文用户的插件库</summary>
        <description>Download and install add-ons from xbmc-addons-chinese addon repository.[CR][CR]By using this Repository you will be able to take advantage of our cutting edge features developed for chinese people.</description>
        <description lang="zh">从xbmc-addons-chinese库下载安装插件。[CR][CR]通过使用这个程序库，你将能够分享我们为中文用户开发的插件。</description>
        <disclaimer>Taxigps did not make all the add-ons on this repository and is not responsible for their content</disclaimer>
        <disclaimer lang="zh">本库中扩展功能模块不完全由Taxigps开发，对他人提交的内容不承担责任</disclaimer>
        <platform>all</platform>
        <assets>
            <icon>icon.png</icon>
        </assets>
    </extension>
</addon>

