﻿<?xml version="1.0" encoding="UTF-8" standalone="yes"?>
<addon id="service.subtitles.zimushe"
       name="ZMS"
       version="1.0.5"
       provider-name="taxigps">
  <requires>
    <import addon="xbmc.python" version="2.1.0"/>
    <import addon="script.module.beautifulsoup4" version="4.3.2"/>
  </requires>
  <extension point="xbmc.subtitle.module"
             library="service.py" />
  <extension point="xbmc.addon.metadata">
    <summary lang="en">ZMS subtitle</summary>
    <summary lang="zh">ZMS!字幕社</summary>
    <description lang="en">Search and download subtitles from www.zimushe.com</description>
    <description lang="zh">从 www.zimushe.com 下载字幕</description>
  </extension>
</addon>
