﻿<?xml version="1.0" encoding="UTF-8" standalone="yes"?>
<addon id="service.subtitles.makedie"
       name="Shooter(fake)"
       version="1.0.9"
       provider-name="fffonion">
  <requires>
    <import addon="xbmc.python" version="2.1.0"/>
    <import addon="script.module.chardet" version="2.1.1"/>
  </requires>
  <extension point="xbmc.subtitle.module"
             library="service.py" />
  <extension point="xbmc.addon.metadata">
    <summary lang="en">Shooter(fake)</summary>
    <summary lang="zh">射手(伪)字幕</summary>
    <summary lang="zh_TW">射手(伪)字幕</summary>
    <description lang="en">Search and download subtitles from Shooter-fake (assrt.net)</description>
    <description lang="zh">从射手网(伪)（assrt.net）下载字幕，修改自taxigps的射手网插件</description>
    <description lang="zh_TW">從射手網(偽)（assrt.net）下載字幕，修改自taxigps的射手網插件</description>
    <platform>all</platform>
    <license>GNU GENERAL PUBLIC LICENSE. Version 2, June 1991</license>
    <forum>http://forum.kodi.tv/showthread.php?tid=199644</forum>
    <website></website>
    <email></email>
    <source>https://github.com/taxigps/xbmc-addons-chinese/tree/master/service.subtitles.makedie</source>
  </extension>
</addon>
