﻿<?xml version="1.0" encoding="UTF-8" standalone="yes"?>
<addon id="plugin.video.qiyi"
    name="奇艺视频(QIYI)"
    version="2.1.8"
    provider-name="taxigps">
    <requires>
      <import addon="script.module.simplejson" version="3.3.0"/>
    </requires>
    <extension
        point="xbmc.python.pluginsource"
        library="default.py">
        <provides>video</provides>
    </extension>
    <extension point="xbmc.addon.metadata">
        <summary lang="en">QIYI Video plugin</summary>
        <summary lang="zh">奇艺视频插件</summary>
        <description lang="en">QIYI (QIYI.COM) was founded by Baidu- world's the largest Chinese search engine, invested by Providence Equity Partners-U.S. private equity, QIYI is the first professional website dedicated to providing free, high-definition network video services.</description>
        <description lang="zh">奇艺（QIYI.COM）是由百度创立的大型专业网站，专注于提供免费、高清网络视频服务。奇艺的优质版权视频丰富多元，涵盖了电影、电视剧、综艺、纪录片、动漫、旅游等众多内容形态。</description>
        <platform>all</platform>
    </extension>
</addon>