﻿<?xml version="1.0" encoding="UTF-8" standalone="yes"?>
<addon id="service.subtitles.zimuku"
       name="zimuku"
       version="1.0.0"
       provider-name="taxigps">
  <requires>
    <import addon="xbmc.python" version="2.1.0"/>
    <import addon="script.module.beautifulsoup4" version="4.3.2"/>
  </requires>
  <extension point="xbmc.subtitle.module"
             library="service.py" />
  <extension point="xbmc.addon.metadata">
    <summary lang="en">zimuku subtitle</summary>
    <summary lang="zh">字幕库</summary>
    <description lang="en">Search and download subtitles from www.zimuku.net</description>
    <description lang="zh">从 www.zimuku.net 下载字幕</description>
  </extension>
</addon>
