<?xml version="1.0" encoding="UTF-8" standalone="yes"?>
<addon id="service.subtitles.zimuku"
       name="zimuku"
       version="1.1.4"
       provider-name="taxigps">
    <requires>
        <import addon="xbmc.python" version="2.1.0"/>
        <import addon="script.module.beautifulsoup4" version="4.3.2"/>
        <import addon="script.module.kodi-six"/>
        <import addon="script.module.requests" version="2.4.3"/>
    </requires>
    <extension point="xbmc.subtitle.module"
               library="service.py" />
    <extension point="xbmc.addon.metadata">
        <summary lang="en">zimuku subtitle</summary>
        <summary lang="zh">字幕库</summary>
        <description lang="en">Search and download subtitles from www.zimuku.la</description>
        <description lang="zh">从 www.zimuku.la 下载字幕</description>
        <platform>all</platform>
        <license>GNU GENERAL PUBLIC LICENSE. Version 2, June 1991</license>
        <assets>
            <icon>icon.png</icon>
            <clearlogo>logo.png</clearlogo>
            <screenshot>resources/media/screenshot_1.jpg</screenshot>
            <screenshot>resources/media/screenshot_2.jpg</screenshot>
            <screenshot>resources/media/screenshot_3.jpg</screenshot>
        </assets>
        <news>
V1.1.4 (2020-10-18)
- Debug: Change download url to fix download failure
- Fix: Correct rating score
- Ungrade: Use xmbc modules in kodi_six to take place.
- Fix: Support more compressed format
- Use requests to take the place of urllib2. Seems more reliable in getting page.
- Known issue(solved): some encoding may cause fatal failure / crash in some compressed formats.
- Forbid 7z archive since chinese chars in filename in 7z archive may cause failure.

V1.1.3 (2020-04-18)
- Add screenshot

V1.1.2 (2020-04-06)
- fix unicode error when delete file with chinese filename

V1.1.1 (2019-11-30)
- download url format changed

V1.1.0 (2019-08-02)
- support zip/rar file in Kodi 18
- hack to fix encoding problem of zip file in Kodi 18

V1.0.13 (2019-03-24)
- domain name of website changed to www.zimuku.la

V1.0.12 (2019-03-12)
- get rid of function normalizeString
- fix for shutil.rmtree can't remove dir under android

V1.0.11 (2019-02-11)
- change to use shutil.rmtree

V1.0.10 (2019-01-31)
- download url format changed

V1.0.9 (2018-09-17)
- domain name of website changed to www.zimuku.cn

V1.0.8 (2018-05-29)
- download url format changed and need referer in request header

V1.0.7 (2018-05-01)
- urlencode search string
- try download subtitles from multi urls

V1.0.6 (2017-10-08)
- fixed can't get download url

V1.0.5 (2017-09-20)
- fixed get wrong download url
- get rid of warning about BeautifulSoup

V1.0.4 (2017-05-02)
- add User-Agent in http request to get subtitles

V1.0.3 (2016-10-12)
- fixed can't get subtitles because site changed

V1.0.2 (2015-08-24)
- fixed can't remove temp dir under android

V1.0.1 (2015-07-07)
- support search subtitles for tv shows in library

V1.0.0 (2015-05-11)
- initial
        </news>
    </extension>
</addon>
