<?xml version="1.0" encoding="UTF-8" standalone="yes"?>
<addon id="plugin.video.cntv-live" name="CNTV Live 中国网络电视台直播" version="2.0.6" provider-name="RunasSudo">
	<requires>
		<import addon="xbmc.python" version="2.1.0" />
		<import addon="script.module.simplejson" version="2.0.10" optional="true" />
	</requires>
	
	<extension point="xbmc.python.pluginsource" library="addon.py">
		<provides>video</provides>
	</extension>
	
	<extension point="xbmc.service" library="epgservice.py" start="login" />
	
	<extension point="xbmc.addon.metadata">
		<summary lang="en">CNTV Live video plugin</summary>
		<summary lang="zh">中国网络电视台直播</summary>
		<description lang="en">Stream live Chinese television from CCTV via the CNTV website.</description>
		<description lang="zh">中国网络电视台直播</description>
		<disclaimer lang="en"></disclaimer>
		<language></language>
		<platform>all</platform>
		<license>GNU GENERAL PUBLIC LICENSE, Version 3, 29 June 2007</license>
		<forum></forum>
		<website></website>
		<email>RunasSudo at gmail dot com</email>
		<source>https://github.com/RunasSudo/plugin.video.cntv-live</source>
	</extension>
</addon>
