<?xml version="1.0" encoding="UTF-8"?>
<addon
    id="plugin.video.asia-tv"
    version="2.0.3"
    name="亚洲电视"
    provider-name="米老康"
    >
  <extension point="xbmc.python.pluginsource"
	     library="addondev1.py">
    <provides>video</provides>
  </extension>
  <extension point="xbmc.addon.metadata">
    <summary>TV channels from asia-tv.in</summary>
    <summary lang="zh">亚洲电视</summary>
    <description>亚洲电视</description>
    <description lang="zh">亚洲电视</description>
    <platform>all</platform>
    <email>sun_kang@hotmail.com</email>
  </extension>
</addon>
