﻿<?xml version="1.0" encoding="UTF-8" standalone="yes"?>
<addon id="plugin.video.youku"
    name="优酷视频(YouKu)"
    version="2.2.5"
    provider-name="Taxigps">
    <requires>
        <import addon="script.module.simplejson" version="3.3.0"/>
    </requires>
    <extension
        point="xbmc.python.pluginsource"
        library="default.py">
        <provides>video</provides>
    </extension>
    <extension point="xbmc.addon.metadata">
        <summary lang="en">YouKu video plugin</summary>
        <summary lang="zh">优酷网视频插件</summary>
        <description lang="en">online video from youku.com</description>
        <description lang="zh">优酷（NYSE:YOKU），2006年12月21日正式推出。优酷以 "快者为王"为产品理 念，凭借"快速播放，快速发布，快速搜索"的产品特性，充分满足用户日益增长的互动需求及多元化视频体验，现已成为中国互联网领域最具影响力、最受用户喜爱的视频媒体。</description>
        <platform>all</platform>
    </extension>
</addon>