﻿<?xml version="1.0" encoding="UTF-8" standalone="yes"?>
<addon id="plugin.video.pandatv"
    name="熊猫TV(pandatv)"
    version="2.0.5"
    provider-name="Yangqian;tclh123">
    <requires>
        <import addon="script.module.beautifulsoup" version="3.0.8"/>
    </requires>
    <extension
        point="xbmc.python.pluginsource"
        library="addon.py">
        <provides>video</provides>
    </extension>
    <extension point="xbmc.addon.metadata">
        <summary lang="en">pandatv video plugin</summary>
        <summary lang="zh">熊猫TV插件</summary>
        <description lang="en">online video from www.panda.tv</description>
        <description lang="zh">熊猫TV</description>
        <platform>all</platform>
    </extension>
</addon>
