<?xml version="1.0" encoding="UTF-8" standalone="yes"?>
<addon id="plugin.video.rrmj"
       name="人人美剧"
       version="0.0.6"
       provider-name="jindaxia">
  <requires>
    <import addon="xbmc.python" version="2.14.0"/>
    <import addon="script.module.xbmcswift2" version="2.4.0"/>
    <import addon="script.module.keyboard.chinese" version="2.0.4" optional="true"/>
  </requires>
  <extension point="xbmc.python.pluginsource" library="default.py">
        <provides>video</provides>
  </extension>
  <extension point="xbmc.addon.metadata">
    <summary lang="zh-CN">由人人影视转型后专门为美剧迷们打造的高质量讨论交流社区</summary>
    <description lang="en"></description>
    <platform>all</platform>
  </extension>
</addon>
