<?xml version="1.0" encoding="UTF-8" standalone="yes"?>
<addon id="plugin.video.bilibili" name="哔哩哔哩(bilibili)" version="0.2.1" provider-name="Syndim">
    <requires>
        <import addon="xbmc.python" version="2.1.0"/>
        <import addon="script.module.xbmcswift2" version="2.4.0"/>
    </requires>
    <extension point="xbmc.python.pluginsource" library="addon.py">
        <provides>video</provides>
    </extension>
    <extension point="xbmc.addon.metadata">
        <platform>all</platform>
        <language></language>
        <summary>XBMC Bilibili Plugin</summary>
        <description>XBMC BiliBili Plugin</description>
    </extension>
</addon>
