<window type="window">
    <defaultcontrol>720</defaultcontrol>
    <coordinates>
        <system>1</system>
        <posx>0</posx>
        <posy>0</posy>
    </coordinates>
    <allowoverlay>no</allowoverlay>
    <controls>
        <control type="image">
            <description>background</description>
            <posx>0</posx>
            <posy>0</posy>
            <width>1280</width>
            <height>720</height>
            <texture>bg.png</texture>
        </control>
        <control type="image">
            <description>logo</description>
            <posx>20</posx>
            <posy>20</posy>
            <width>180</width>
            <height>40</height>
            <texture>icon_topbar_logo.png</texture>
        </control>
        <control type="label">
            <description>time</description>
            <posx>1250</posx>
            <posy>20</posy>
            <width>200</width>
            <height>50</height>
            <align>right</align>
            <aligny>center</aligny>
            <font>font16</font>
            <textcolor>ff6b8299</textcolor>
            <label>$INFO[System.Time]</label>
        </control>
        <control type="image">
            <description>topbar-line</description>
            <posx>0</posx>
            <posy>65</posy>
            <width>1280</width>
            <height>1</height>
            <texture>bg_topbar_line.png</texture>
        </control>
        <control type="image" id="701">
            <description>thumbnail</description>
            <posx>102</posx>
            <posy>80</posy>
            <width>227</width>
            <height>340</height>
        </control>
        <control type="image">
            <description>pay</description>
            <posx>102</posx>
            <posy>80</posy>
            <width>45</width>
            <height>45</height>
            <texture>detail_pay.png</texture>
            <visible>stringcompare(Window.Property(detail_pay),1)</visible>
        </control>
        <control type="group">
            <description>details</description>
            <posx>360</posx>
            <posy>80</posy>
            <control type="label" id="702">
                <description>title</description>
                <posx>0</posx>
                <posy>12</posy>
                <width>280</width>
                <height>50</height>
                <align>left</align>
                <aligny>top</aligny>
                <font>font30</font>
                <textcolor>ffffffff</textcolor>
            </control>
            <control type="label" id="703">
                <description>rating</description>
                <posx>290</posx>
                <posy>20</posy>
                <width>100</width>
                <height>50</height>
                <align>left</align>
                <aligny>top</aligny>
                <font>font16</font>
                <textcolor>ffff2020</textcolor>
            </control>
            <control type="label" id="704">
                <description>online</description>
                <posx>0</posx>
                <posy>70</posy>
                <width>280</width>
                <height>50</height>
                <align>left</align>
                <aligny>top</aligny>
                <font>font14</font>
                <textcolor>ffb8b8b8</textcolor>
            </control>
            <control type="label" id="705">
                <description>stripe</description>
                <posx>285</posx>
                <posy>70</posy>
                <width>600</width>
                <height>50</height>
                <align>left</align>
                <aligny>top</aligny>
                <font>font14</font>
                <textcolor>ffb8b8b8</textcolor>
            </control>
            <control type="label" id="706">
                <description>area</description>
                <posx>0</posx>
                <posy>110</posy>
                <width>280</width>
                <height>50</height>
                <align>left</align>
                <aligny>top</aligny>
                <font>font14</font>
                <textcolor>ffb8b8b8</textcolor>
            </control>
            <control type="label" id="707">
                <description>type</description>
                <posx>285</posx>
                <posy>110</posy>
                <width>600</width>
                <height>50</height>
                <align>left</align>
                <aligny>top</aligny>
                <font>font14</font>
                <textcolor>ffb8b8b8</textcolor>
            </control>
            <control type="label" id="708">
                <description>director</description>
                <posx>0</posx>
                <posy>150</posy>
                <width>280</width>
                <height>50</height>
                <align>left</align>
                <aligny>top</aligny>
                <font>font14</font>
                <textcolor>ffb8b8b8</textcolor>
            </control>
            <control type="label" id="709">
                <description>performer</description>
                <posx>285</posx>
                <posy>150</posy>
                <width>600</width>
                <height>50</height>
                <align>left</align>
                <aligny>top</aligny>
                <font>font14</font>
                <textcolor>ffb8b8b8</textcolor>
            </control>
            <control type="label" id="710">
                <description>desc_label</description>
                <posx>0</posx>
                <posy>190</posy>
                <width>65</width>
                <height>50</height>
                <align>left</align>
                <aligny>top</aligny>
                <font>font14</font>
                <textcolor>ffb8b8b8</textcolor>
            </control>
            <control type="label" id="711">
                <description>desc</description>
                <posx>60</posx>
                <posy>190</posy>
                <width>820</width>
                <height>70</height>
                <align>left</align>
                <aligny>top</aligny>
                <font>font14</font>
                <wrapmultiline>true</wrapmultiline>
                <textcolor>ffb8b8b8</textcolor>
            </control>
            <control type="group" id="730">
                <posx>0</posx>
                <posy>305</posy>
                <control type="button" id="720">
                    <description>play</description>
                    <posx>0</posx>
                    <posy>0</posy>
                    <width>120</width>
                    <height>36</height>
                    <onright>721</onright>
                    <ondown>740</ondown>
                    <texturefocus>detail_play_button_pressed.png</texturefocus>
                    <texturenofocus>detail_play_button_normal.png</texturenofocus>
                </control>
                <control type="button" id="721">
                    <description>select</description>
                    <posx>140</posx>
                    <posy>0</posy>
                    <width>120</width>
                    <height>36</height>
                    <onleft>720</onleft>
                    <onright>722</onright>
                    <ondown>740</ondown>
                    <align>center</align>
                    <texturefocus>channel_button_focus_720.png</texturefocus>
                    <texturenofocus>channel_button_normal_720.png</texturenofocus>
                </control>
                <control type="button" id="722">
                    <description>favor</description>
                    <posx>280</posx>
                    <posy>0</posy>
                    <width>120</width>
                    <height>36</height>
                    <onleft>721</onleft>
                    <ondown>740</ondown>
                    <align>center</align>
                    <texturefocus>channel_button_focus_720.png</texturefocus>
                    <texturenofocus>channel_button_normal_720.png</texturenofocus>
                </control>
                <control type="image">
                    <description>play-icon</description>
                    <posx>440</posx>
                    <posy>19</posy>
                    <width>16</width>
                    <height>16</height>
                    <texture>detail_play_icon.png</texture>
                </control>
                <control type="label" id="723">
                    <description>play-count</description>
                    <posx>460</posx>
                    <posy>16</posy>
                    <width>120</width>
                    <height>16</height>
                    <align>left</align>
                    <aligny>top</aligny>
                    <font>font12</font>
                    <textcolor>ffb8b8b8</textcolor>
                </control>
                <control type="image">
                    <description>favor-icon</description>
                    <posx>560</posx>
                    <posy>19</posy>
                    <width>16</width>
                    <height>16</height>
                    <texture>detail_collection_icon.png</texture>
                </control>
                <control type="label" id="724">
                    <description>favor-count</description>
                    <posx>580</posx>
                    <posy>16</posy>
                    <width>120</width>
                    <height>16</height>
                    <align>left</align>
                    <aligny>top</aligny>
                    <font>font12</font>
                    <textcolor>ffb8b8b8</textcolor>
                </control>
            </control>
        </control>
        <control type="image">
            <description>detail_seg</description>
            <posx>0</posx>
            <posy>450</posy>
            <width>1280</width>
            <height>1</height>
            <texture>detail-seg.png</texture>
        </control>
        <control type="panel" id="740">
            <description>related</description>
            <posx>100</posx>
            <posy>480</posy>
            <width>1050</width>
            <height>240</height>
            <viewtype>list</viewtype>
            <orientation>horizontal</orientation>
            <preloaditems>3</preloaditems>
            <onup>730</onup>
            <onleft>-</onleft>
            <onright>-</onright>
            <itemlayout width="180" height="300">
                <control type="image">
                    <posx>10</posx>
                    <posy>10</posy>
                    <width>120</width>
                    <height>180</height>        
                    <info>ListItem.Icon</info>
                    <aspectratio>stretch</aspectratio>
                </control>    
            </itemlayout>
            <focusedlayout width="180" height="300">
                <control type="image">
                    <posx>10</posx>
                    <posy>10</posy>
                    <width>120</width>
                    <height>180</height>        
                    <info>ListItem.Icon</info>
                    <aspectratio>stretch</aspectratio>
                </control>    
                <control type="image">
                    <posx>6</posx>
                    <posy>6</posy>
                    <width>128</width>
                    <height>188</height>        
                    <texture>border-content.png</texture>
                    <aspectratio>stretch</aspectratio>
                </control>    
            </focusedlayout>
        </control>
    </controls>
</window>
