﻿<?xml version="1.0" encoding="UTF-8" standalone="yes"?>
<addon id="service.subtitles.subom"
       name="subom"
       version="1.0.2"
       provider-name="taxigps">
  <requires>
    <import addon="xbmc.python" version="2.1.0"/>
    <import addon="script.module.beautifulsoup4" version="4.3.2"/>
  </requires>
  <extension point="xbmc.subtitle.module"
             library="service.py" />
  <extension point="xbmc.addon.metadata">
    <summary lang="en">subom subtitle</summary>
    <summary lang="zh">subom 字幕</summary>
    <description lang="en">Search and download subtitles from subom.net/</description>
    <description lang="zh">从 subom.net 下载字幕</description>
  </extension>
</addon>
