<?xml version="1.0" encoding="UTF-8" standalone="yes" ?>
<addon id="plugin.audio.baidufm"
	name="百度随心听"
	version="0.0.4"
	provider-name="zhangyuanwei">
	<extension
		point="xbmc.python.pluginsource"
		library="default.py">
        <provides>audio</provides>
    </extension>
    <extension point="xbmc.addon.metadata">
        <summary>Baidu fm audio plugin</summary>
        <summary lang="zh">百度随心听插件</summary>
        <description>Baidu fm audio plugin</description>
        <description lang="zh">百度随心听插件</description>
        <platform>all</platform>
    </extension>
</addon>
