<?xml version="1.0" encoding="UTF-8" standalone="yes"?>
<addon id="plugin.audio.1ting"
    name="一听音乐"
    version="1.0.1"
    provider-name="arthurqi">
    <extension
        point="xbmc.python.pluginsource"
        library="default.py">
        <provides>audio</provides>
    </extension>
    <extension point="xbmc.addon.metadata">
        <summary lang="en">1ting audio plugin</summary>
        <summary lang="zh">一听音乐插件</summary>
        <description>一听音乐网（www.1ting.com）是中国最大的在线音乐网站，集正版音乐、原创歌曲平台、网络电台为一体，拥有丰富的正版音乐库、原创歌曲展示平台（可乐频道）和精彩纷呈的电台节目（一听音乐台）。</description>
        <platform>all</platform>
    </extension>
</addon>
